"LOCATION","INDICATOR","SUBJECT","MEASURE","FREQUENCY","TIME","Value","Flag Codes"
"AUT","CPI","TOT","AGRWTH","M","2021-10",3.685259,
"AUT","CPI","TOT","AGRWTH","M","2021-11",4.278607,
"AUT","CPI","TOT","AGRWTH","M","2021-12",4.253215,
"AUT","CPI","TOT","AGRWTH","M","2022-01",4.985045,
"AUT","CPI","TOT","AGRWTH","M","2022-02",5.753968,
"AUT","CPI","TOT","AGRWTH","M","2022-03",6.771345,
"AUT","CPI","TOT","AGRWTH","M","2022-04",7.170923,
"AUT","CPI","TOT","AGRWTH","M","2022-05",7.737512,
"AUT","CPI","TOT","AGRWTH","M","2022-06",8.674464,
"AUT","CPI","TOT","AGRWTH","M","2022-07",9.426628,
"AUT","CPI","TOT","AGRWTH","M","2022-08",9.320389,
"AUT","CPI","TOT","AGRWTH","M","2022-09",10.62802,
"AUT","CPI","TOT","AGRWTH","M","2022-10",11.04707,
"AUT","CPI","TOT","AGRWTH","M","2022-11",10.5916,
"AUT","CPI","TOT","AGRWTH","M","2022-12",10.1518,
"AUT","CPI","TOT","AGRWTH","M","2023-01",11.20608,
"AUT","CPI","TOT","AGRWTH","M","2023-02",10.8818,
"AUT","CPI","TOT","AGRWTH","M","2023-03",9.191176,
"AUT","CPI","TOT","AGRWTH","M","2023-04",9.624198,
"AUT","CPI","TOT","AGRWTH","M","2023-05",8.909091,
"AUT","CPI","TOT","AGRWTH","M","2023-06",7.982063,
"AUT","CPI","TOT","AGRWTH","M","2023-07",7.015986,
"AUT","CPI","TOT","AGRWTH","M","2023-08",7.371225,
"AUT","CPI","TOT","AGRWTH","M","2023-09",6.026201,
"AUT","CPI","TOT","AGRWTH","M","2023-10",5.363322,
"BEL","CPI","TOT","AGRWTH","M","2021-10",4.159066,
"BEL","CPI","TOT","AGRWTH","M","2021-11",5.636762,
"BEL","CPI","TOT","AGRWTH","M","2021-12",5.708284,
"BEL","CPI","TOT","AGRWTH","M","2022-01",7.59298,
"BEL","CPI","TOT","AGRWTH","M","2022-02",8.039198,
"BEL","CPI","TOT","AGRWTH","M","2022-03",8.30694,
"BEL","CPI","TOT","AGRWTH","M","2022-04",8.306277,
"BEL","CPI","TOT","AGRWTH","M","2022-05",8.968933,
"BEL","CPI","TOT","AGRWTH","M","2022-06",9.649595,
"BEL","CPI","TOT","AGRWTH","M","2022-07",9.621381,
"BEL","CPI","TOT","AGRWTH","M","2022-08",9.944163,
"BEL","CPI","TOT","AGRWTH","M","2022-09",11.27499,
"BEL","CPI","TOT","AGRWTH","M","2022-10",12.26795,
"BEL","CPI","TOT","AGRWTH","M","2022-11",10.62873,
"BEL","CPI","TOT","AGRWTH","M","2022-12",10.35079,
"BEL","CPI","TOT","AGRWTH","M","2023-01",8.045977,
"BEL","CPI","TOT","AGRWTH","M","2023-02",6.617956,
"BEL","CPI","TOT","AGRWTH","M","2023-03",6.667223,
"BEL","CPI","TOT","AGRWTH","M","2023-04",5.60413,
"BEL","CPI","TOT","AGRWTH","M","2023-05",5.197917,
"BEL","CPI","TOT","AGRWTH","M","2023-06",4.154376,
"BEL","CPI","TOT","AGRWTH","M","2023-07",4.13653,
"BEL","CPI","TOT","AGRWTH","M","2023-08",4.087062,
"BEL","CPI","TOT","AGRWTH","M","2023-09",2.387416,
"BEL","CPI","TOT","AGRWTH","M","2023-10",0.3587864,
"BEL","CPI","TOT","AGRWTH","M","2023-11",0.7582864,
"CAN","CPI","TOT","AGRWTH","M","2021-10",4.654545,
"CAN","CPI","TOT","AGRWTH","M","2021-11",4.720407,
"CAN","CPI","TOT","AGRWTH","M","2021-12",4.803493,
"CAN","CPI","TOT","AGRWTH","M","2022-01",5.137482,
"CAN","CPI","TOT","AGRWTH","M","2022-02",5.687545,
"CAN","CPI","TOT","AGRWTH","M","2022-03",6.661891,
"CAN","CPI","TOT","AGRWTH","M","2022-04",6.771204,
"CAN","CPI","TOT","AGRWTH","M","2022-05",7.730496,
"CAN","CPI","TOT","AGRWTH","M","2022-06",8.132957,
"CAN","CPI","TOT","AGRWTH","M","2022-07",7.5896,
"CAN","CPI","TOT","AGRWTH","M","2022-08",7.012623,
"CAN","CPI","TOT","AGRWTH","M","2022-09",6.857943,
"CAN","CPI","TOT","AGRWTH","M","2022-10",6.879777,
"CAN","CPI","TOT","AGRWTH","M","2022-11",6.796116,
"CAN","CPI","TOT","AGRWTH","M","2022-12",6.319445,
"CAN","CPI","TOT","AGRWTH","M","2023-01",5.918789,
"CAN","CPI","TOT","AGRWTH","M","2023-02",5.245232,
"CAN","CPI","TOT","AGRWTH","M","2023-03",4.298187,
"CAN","CPI","TOT","AGRWTH","M","2023-04",4.405875,
"CAN","CPI","TOT","AGRWTH","M","2023-05",3.357472,
"CAN","CPI","TOT","AGRWTH","M","2023-06",2.812296,
"CAN","CPI","TOT","AGRWTH","M","2023-07",3.265839,
"CAN","CPI","TOT","AGRWTH","M","2023-08",3.997379,
"CAN","CPI","TOT","AGRWTH","M","2023-09",3.798297,
"CAN","CPI","TOT","AGRWTH","M","2023-10",3.120936,
"CZE","CPI","TOT","AGRWTH","M","2021-10",5.798394,
"CZE","CPI","TOT","AGRWTH","M","2021-11",5.976807,
"CZE","CPI","TOT","AGRWTH","M","2021-12",6.613048,
"CZE","CPI","TOT","AGRWTH","M","2022-01",9.876543,
"CZE","CPI","TOT","AGRWTH","M","2022-02",11.09155,
"CZE","CPI","TOT","AGRWTH","M","2022-03",12.74165,
"CZE","CPI","TOT","AGRWTH","M","2022-04",14.16084,
"CZE","CPI","TOT","AGRWTH","M","2022-05",15.96859,
"CZE","CPI","TOT","AGRWTH","M","2022-06",17.1875,
"CZE","CPI","TOT","AGRWTH","M","2022-07",17.52577,
"CZE","CPI","TOT","AGRWTH","M","2022-08",17.23549,
"CZE","CPI","TOT","AGRWTH","M","2022-09",17.97274,
"CZE","CPI","TOT","AGRWTH","M","2022-10",15.09275,
"CZE","CPI","TOT","AGRWTH","M","2022-11",16.24579,
"CZE","CPI","TOT","AGRWTH","M","2022-12",15.75859,
"CZE","CPI","TOT","AGRWTH","M","2023-01",17.49599,
"CZE","CPI","TOT","AGRWTH","M","2023-02",16.71949,
"CZE","CPI","TOT","AGRWTH","M","2023-03",14.96493,
"CZE","CPI","TOT","AGRWTH","M","2023-04",12.71057,
"CZE","CPI","TOT","AGRWTH","M","2023-05",11.06095,
"CZE","CPI","TOT","AGRWTH","M","2023-06",9.703704,
"CZE","CPI","TOT","AGRWTH","M","2023-07",8.77193,
"CZE","CPI","TOT","AGRWTH","M","2023-08",8.515284,
"CZE","CPI","TOT","AGRWTH","M","2023-09",6.859206,
"CZE","CPI","TOT","AGRWTH","M","2023-10",8.498169,
"DNK","CPI","TOT","AGRWTH","M","2021-10",2.989393,
"DNK","CPI","TOT","AGRWTH","M","2021-11",3.378378,
"DNK","CPI","TOT","AGRWTH","M","2021-12",3.094778,
"DNK","CPI","TOT","AGRWTH","M","2022-01",4.343629,
"DNK","CPI","TOT","AGRWTH","M","2022-02",4.798464,
"DNK","CPI","TOT","AGRWTH","M","2022-03",5.369128,
"DNK","CPI","TOT","AGRWTH","M","2022-04",6.685769,
"DNK","CPI","TOT","AGRWTH","M","2022-05",7.435653,
"DNK","CPI","TOT","AGRWTH","M","2022-06",8.190476,
"DNK","CPI","TOT","AGRWTH","M","2022-07",8.703879,
"DNK","CPI","TOT","AGRWTH","M","2022-08",8.909952,
"DNK","CPI","TOT","AGRWTH","M","2022-09",10.0189,
"DNK","CPI","TOT","AGRWTH","M","2022-10",10.11236,
"DNK","CPI","TOT","AGRWTH","M","2022-11",8.870214,
"DNK","CPI","TOT","AGRWTH","M","2022-12",8.724202,
"DNK","CPI","TOT","AGRWTH","M","2023-01",7.678076,
"DNK","CPI","TOT","AGRWTH","M","2023-02",7.600733,
"DNK","CPI","TOT","AGRWTH","M","2023-03",6.733394,
"DNK","CPI","TOT","AGRWTH","M","2023-04",5.282005,
"DNK","CPI","TOT","AGRWTH","M","2023-05",2.928128,
"DNK","CPI","TOT","AGRWTH","M","2023-06",2.464789,
"DNK","CPI","TOT","AGRWTH","M","2023-07",3.133159,
"DNK","CPI","TOT","AGRWTH","M","2023-08",2.436902,
"DNK","CPI","TOT","AGRWTH","M","2023-09",0.8591065,
"DNK","CPI","TOT","AGRWTH","M","2023-10",0.08503401,
"DNK","CPI","TOT","AGRWTH","M","2023-11",0.600343,
"FIN","CPI","TOT","AGRWTH","M","2021-10",3.159619,
"FIN","CPI","TOT","AGRWTH","M","2021-11",3.691922,
"FIN","CPI","TOT","AGRWTH","M","2021-12",3.465204,
"FIN","CPI","TOT","AGRWTH","M","2022-01",4.37452,
"FIN","CPI","TOT","AGRWTH","M","2022-02",4.530683,
"FIN","CPI","TOT","AGRWTH","M","2022-03",5.797654,
"FIN","CPI","TOT","AGRWTH","M","2022-04",5.738172,
"FIN","CPI","TOT","AGRWTH","M","2022-05",6.962626,
"FIN","CPI","TOT","AGRWTH","M","2022-06",7.792331,
"FIN","CPI","TOT","AGRWTH","M","2022-07",7.785451,
"FIN","CPI","TOT","AGRWTH","M","2022-08",7.616082,
"FIN","CPI","TOT","AGRWTH","M","2022-09",8.119296,
"FIN","CPI","TOT","AGRWTH","M","2022-10",8.310766,
"FIN","CPI","TOT","AGRWTH","M","2022-11",9.138235,
"FIN","CPI","TOT","AGRWTH","M","2022-12",9.145037,
"FIN","CPI","TOT","AGRWTH","M","2023-01",8.446692,
"FIN","CPI","TOT","AGRWTH","M","2023-02",8.796635,
"FIN","CPI","TOT","AGRWTH","M","2023-03",7.931501,
"FIN","CPI","TOT","AGRWTH","M","2023-04",7.924528,
"FIN","CPI","TOT","AGRWTH","M","2023-05",6.819794,
"FIN","CPI","TOT","AGRWTH","M","2023-06",6.269261,
"FIN","CPI","TOT","AGRWTH","M","2023-07",6.45954,
"FIN","CPI","TOT","AGRWTH","M","2023-08",5.612558,
"FIN","CPI","TOT","AGRWTH","M","2023-09",5.534285,
"FIN","CPI","TOT","AGRWTH","M","2023-10",4.853867,
"FRA","CPI","TOT","AGRWTH","M","2021-10",2.621759,
"FRA","CPI","TOT","AGRWTH","M","2021-11",2.778574,
"FRA","CPI","TOT","AGRWTH","M","2021-12",2.75343,
"FRA","CPI","TOT","AGRWTH","M","2022-01",2.853881,
"FRA","CPI","TOT","AGRWTH","M","2022-02",3.633942,
"FRA","CPI","TOT","AGRWTH","M","2022-03",4.482269,
"FRA","CPI","TOT","AGRWTH","M","2022-04",4.82713,
"FRA","CPI","TOT","AGRWTH","M","2022-05",5.19774,
"FRA","CPI","TOT","AGRWTH","M","2022-06",5.839759,
"FRA","CPI","TOT","AGRWTH","M","2022-07",6.080827,
"FRA","CPI","TOT","AGRWTH","M","2022-08",5.913125,
"FRA","CPI","TOT","AGRWTH","M","2022-09",5.551915,
"FRA","CPI","TOT","AGRWTH","M","2022-10",6.200466,
"FRA","CPI","TOT","AGRWTH","M","2022-11",6.15013,
"FRA","CPI","TOT","AGRWTH","M","2022-12",5.850718,
"FRA","CPI","TOT","AGRWTH","M","2023-01",5.993341,
"FRA","CPI","TOT","AGRWTH","M","2023-02",6.278686,
"FRA","CPI","TOT","AGRWTH","M","2023-03",5.701873,
"FRA","CPI","TOT","AGRWTH","M","2023-04",5.884473,
"FRA","CPI","TOT","AGRWTH","M","2023-05",5.119943,
"FRA","CPI","TOT","AGRWTH","M","2023-06",4.53132,
"FRA","CPI","TOT","AGRWTH","M","2023-07",4.288119,
"FRA","CPI","TOT","AGRWTH","M","2023-08",4.859764,
"FRA","CPI","TOT","AGRWTH","M","2023-09",4.896221,
"FRA","CPI","TOT","AGRWTH","M","2023-10",3.977173,
"DEU","CPI","TOT","AGRWTH","M","2021-10",4.404405,
"DEU","CPI","TOT","AGRWTH","M","2021-11",4.814443,
"DEU","CPI","TOT","AGRWTH","M","2021-12",4.90982,
"DEU","CPI","TOT","AGRWTH","M","2022-01",4.158416,
"DEU","CPI","TOT","AGRWTH","M","2022-02",4.330709,
"DEU","CPI","TOT","AGRWTH","M","2022-03",5.876592,
"DEU","CPI","TOT","AGRWTH","M","2022-04",6.25,
"DEU","CPI","TOT","AGRWTH","M","2022-05",7.017544,
"DEU","CPI","TOT","AGRWTH","M","2022-06",6.705539,
"DEU","CPI","TOT","AGRWTH","M","2022-07",6.673114,
"DEU","CPI","TOT","AGRWTH","M","2022-08",6.956522,
"DEU","CPI","TOT","AGRWTH","M","2022-09",8.574182,
"DEU","CPI","TOT","AGRWTH","M","2022-10",8.820709,
"DEU","CPI","TOT","AGRWTH","M","2022-11",8.803827,
"DEU","CPI","TOT","AGRWTH","M","2022-12",8.118434,
"DEU","CPI","TOT","AGRWTH","M","2023-01",8.65019,
"DEU","CPI","TOT","AGRWTH","M","2023-02",8.679245,
"DEU","CPI","TOT","AGRWTH","M","2023-03",7.400555,
"DEU","CPI","TOT","AGRWTH","M","2023-04",7.169117,
"DEU","CPI","TOT","AGRWTH","M","2023-05",6.102004,
"DEU","CPI","TOT","AGRWTH","M","2023-06",6.375227,
"DEU","CPI","TOT","AGRWTH","M","2023-07",6.165005,
"DEU","CPI","TOT","AGRWTH","M","2023-08",6.142728,
"DEU","CPI","TOT","AGRWTH","M","2023-09",4.525289,
"DEU","CPI","TOT","AGRWTH","M","2023-10",3.788546,
"DEU","CPI","TOT","AGRWTH","M","2023-11",3.166227,
"GRC","CPI","TOT","AGRWTH","M","2021-10",3.413519,
"GRC","CPI","TOT","AGRWTH","M","2021-11",4.822838,
"GRC","CPI","TOT","AGRWTH","M","2021-12",5.114928,
"GRC","CPI","TOT","AGRWTH","M","2022-01",6.249706,
"GRC","CPI","TOT","AGRWTH","M","2022-02",7.214007,
"GRC","CPI","TOT","AGRWTH","M","2022-03",8.850036,
"GRC","CPI","TOT","AGRWTH","M","2022-04",10.17281,
"GRC","CPI","TOT","AGRWTH","M","2022-05",11.32933,
"GRC","CPI","TOT","AGRWTH","M","2022-06",12.09375,
"GRC","CPI","TOT","AGRWTH","M","2022-07",11.59072,
"GRC","CPI","TOT","AGRWTH","M","2022-08",11.40379,
"GRC","CPI","TOT","AGRWTH","M","2022-09",12.02402,
"GRC","CPI","TOT","AGRWTH","M","2022-10",9.06504,
"GRC","CPI","TOT","AGRWTH","M","2022-11",8.539313,
"GRC","CPI","TOT","AGRWTH","M","2022-12",7.224042,
"GRC","CPI","TOT","AGRWTH","M","2023-01",6.98927,
"GRC","CPI","TOT","AGRWTH","M","2023-02",6.126267,
"GRC","CPI","TOT","AGRWTH","M","2023-03",4.572855,
"GRC","CPI","TOT","AGRWTH","M","2023-04",3.039219,
"GRC","CPI","TOT","AGRWTH","M","2023-05",2.781513,
"GRC","CPI","TOT","AGRWTH","M","2023-06",1.760478,
"GRC","CPI","TOT","AGRWTH","M","2023-07",2.470822,
"GRC","CPI","TOT","AGRWTH","M","2023-08",2.744105,
"GRC","CPI","TOT","AGRWTH","M","2023-09",1.62896,
"GRC","CPI","TOT","AGRWTH","M","2023-10",3.398893,
"GRC","CPI","TOT","AGRWTH","M","2023-11",3.029275,
"HUN","CPI","TOT","AGRWTH","M","2021-10",6.5,
"HUN","CPI","TOT","AGRWTH","M","2021-11",7.4,
"HUN","CPI","TOT","AGRWTH","M","2021-12",7.4,
"HUN","CPI","TOT","AGRWTH","M","2022-01",7.9,
"HUN","CPI","TOT","AGRWTH","M","2022-02",8.3,
"HUN","CPI","TOT","AGRWTH","M","2022-03",8.5,
"HUN","CPI","TOT","AGRWTH","M","2022-04",9.5,
"HUN","CPI","TOT","AGRWTH","M","2022-05",10.7,
"HUN","CPI","TOT","AGRWTH","M","2022-06",11.7,
"HUN","CPI","TOT","AGRWTH","M","2022-07",13.7,
"HUN","CPI","TOT","AGRWTH","M","2022-08",15.6,
"HUN","CPI","TOT","AGRWTH","M","2022-09",20.1,
"HUN","CPI","TOT","AGRWTH","M","2022-10",21.1,
"HUN","CPI","TOT","AGRWTH","M","2022-11",22.5,
"HUN","CPI","TOT","AGRWTH","M","2022-12",24.5,
"HUN","CPI","TOT","AGRWTH","M","2023-01",25.7,
"HUN","CPI","TOT","AGRWTH","M","2023-02",25.4,
"HUN","CPI","TOT","AGRWTH","M","2023-03",25.2,
"HUN","CPI","TOT","AGRWTH","M","2023-04",24,
"HUN","CPI","TOT","AGRWTH","M","2023-05",21.5,
"HUN","CPI","TOT","AGRWTH","M","2023-06",20.1,
"HUN","CPI","TOT","AGRWTH","M","2023-07",17.6,
"HUN","CPI","TOT","AGRWTH","M","2023-08",16.4,
"HUN","CPI","TOT","AGRWTH","M","2023-09",12.2,
"HUN","CPI","TOT","AGRWTH","M","2023-10",9.9,
"HUN","CPI","TOT","AGRWTH","M","2023-11",7.9,
"ISL","CPI","TOT","AGRWTH","M","2021-10",4.537301,
"ISL","CPI","TOT","AGRWTH","M","2021-11",4.843696,
"ISL","CPI","TOT","AGRWTH","M","2021-12",5.111876,
"ISL","CPI","TOT","AGRWTH","M","2022-01",5.684166,
"ISL","CPI","TOT","AGRWTH","M","2022-02",6.187761,
"ISL","CPI","TOT","AGRWTH","M","2022-03",6.66674,
"ISL","CPI","TOT","AGRWTH","M","2022-04",7.23057,
"ISL","CPI","TOT","AGRWTH","M","2022-05",7.589962,
"ISL","CPI","TOT","AGRWTH","M","2022-06",8.818589,
"ISL","CPI","TOT","AGRWTH","M","2022-07",9.929646,
"ISL","CPI","TOT","AGRWTH","M","2022-08",9.735205,
"ISL","CPI","TOT","AGRWTH","M","2022-09",9.338311,
"ISL","CPI","TOT","AGRWTH","M","2022-10",9.405343,
"ISL","CPI","TOT","AGRWTH","M","2022-11",9.332962,
"ISL","CPI","TOT","AGRWTH","M","2022-12",9.55474,
"ISL","CPI","TOT","AGRWTH","M","2023-01",9.942731,
"ISL","CPI","TOT","AGRWTH","M","2023-02",10.19566,
"ISL","CPI","TOT","AGRWTH","M","2023-03",9.808475,
"ISL","CPI","TOT","AGRWTH","M","2023-04",9.889362,
"ISL","CPI","TOT","AGRWTH","M","2023-05",9.467032,
"ISL","CPI","TOT","AGRWTH","M","2023-06",8.873184,
"ISL","CPI","TOT","AGRWTH","M","2023-07",7.646713,
"ISL","CPI","TOT","AGRWTH","M","2023-08",7.694613,
"ISL","CPI","TOT","AGRWTH","M","2023-09",7.963643,
"ISL","CPI","TOT","AGRWTH","M","2023-10",7.896317,
"ISL","CPI","TOT","AGRWTH","M","2023-11",8.01217,
"IRL","CPI","TOT","AGRWTH","M","2021-10",5.059524,
"IRL","CPI","TOT","AGRWTH","M","2021-11",5.341246,
"IRL","CPI","TOT","AGRWTH","M","2021-12",5.522683,
"IRL","CPI","TOT","AGRWTH","M","2022-01",5.024631,
"IRL","CPI","TOT","AGRWTH","M","2022-02",5.593719,
"IRL","CPI","TOT","AGRWTH","M","2022-03",6.718598,
"IRL","CPI","TOT","AGRWTH","M","2022-04",6.96325,
"IRL","CPI","TOT","AGRWTH","M","2022-05",7.826087,
"IRL","CPI","TOT","AGRWTH","M","2022-06",9.06461,
"IRL","CPI","TOT","AGRWTH","M","2022-07",9.12584,
"IRL","CPI","TOT","AGRWTH","M","2022-08",8.6915,
"IRL","CPI","TOT","AGRWTH","M","2022-09",8.174905,
"IRL","CPI","TOT","AGRWTH","M","2022-10",9.159584,
"IRL","CPI","TOT","AGRWTH","M","2022-11",8.920188,
"IRL","CPI","TOT","AGRWTH","M","2022-12",8.224299,
"IRL","CPI","TOT","AGRWTH","M","2023-01",7.786116,
"IRL","CPI","TOT","AGRWTH","M","2023-02",8.457249,
"IRL","CPI","TOT","AGRWTH","M","2023-03",7.664234,
"IRL","CPI","TOT","AGRWTH","M","2023-04",7.233273,
"IRL","CPI","TOT","AGRWTH","M","2023-05",6.630825,
"IRL","CPI","TOT","AGRWTH","M","2023-06",6.100796,
"IRL","CPI","TOT","AGRWTH","M","2023-07",5.809859,
"IRL","CPI","TOT","AGRWTH","M","2023-08",6.32689,
"IRL","CPI","TOT","AGRWTH","M","2023-09",6.414763,
"IRL","CPI","TOT","AGRWTH","M","2023-10",5.103806,
"ITA","CPI","TOT","AGRWTH","M","2021-10",3.02439,
"ITA","CPI","TOT","AGRWTH","M","2021-11",3.710938,
"ITA","CPI","TOT","AGRWTH","M","2021-12",3.898635,
"ITA","CPI","TOT","AGRWTH","M","2022-01",4.840271,
"ITA","CPI","TOT","AGRWTH","M","2022-02",5.705996,
"ITA","CPI","TOT","AGRWTH","M","2022-03",6.460945,
"ITA","CPI","TOT","AGRWTH","M","2022-04",5.955812,
"ITA","CPI","TOT","AGRWTH","M","2022-05",6.820365,
"ITA","CPI","TOT","AGRWTH","M","2022-06",7.965451,
"ITA","CPI","TOT","AGRWTH","M","2022-07",7.927412,
"ITA","CPI","TOT","AGRWTH","M","2022-08",8.372978,
"ITA","CPI","TOT","AGRWTH","M","2022-09",8.865586,
"ITA","CPI","TOT","AGRWTH","M","2022-10",11.83712,
"ITA","CPI","TOT","AGRWTH","M","2022-11",11.77024,
"ITA","CPI","TOT","AGRWTH","M","2022-12",11.63227,
"ITA","CPI","TOT","AGRWTH","M","2023-01",9.9723,
"ITA","CPI","TOT","AGRWTH","M","2023-02",9.149131,
"ITA","CPI","TOT","AGRWTH","M","2023-03",7.608696,
"ITA","CPI","TOT","AGRWTH","M","2023-04",8.159565,
"ITA","CPI","TOT","AGRWTH","M","2023-05",7.643885,
"ITA","CPI","TOT","AGRWTH","M","2023-06",6.4,
"ITA","CPI","TOT","AGRWTH","M","2023-07",5.929204,
"ITA","CPI","TOT","AGRWTH","M","2023-08",5.443371,
"ITA","CPI","TOT","AGRWTH","M","2023-09",5.341506,
"ITA","CPI","TOT","AGRWTH","M","2023-10",1.69348,
"JPN","CPI","TOT","AGRWTH","M","2021-10",0.1,
"JPN","CPI","TOT","AGRWTH","M","2021-11",0.6,
"JPN","CPI","TOT","AGRWTH","M","2021-12",0.8,
"JPN","CPI","TOT","AGRWTH","M","2022-01",0.5,
"JPN","CPI","TOT","AGRWTH","M","2022-02",0.9,
"JPN","CPI","TOT","AGRWTH","M","2022-03",1.2,
"JPN","CPI","TOT","AGRWTH","M","2022-04",2.5,
"JPN","CPI","TOT","AGRWTH","M","2022-05",2.5,
"JPN","CPI","TOT","AGRWTH","M","2022-06",2.4,
"JPN","CPI","TOT","AGRWTH","M","2022-07",2.6,
"JPN","CPI","TOT","AGRWTH","M","2022-08",3,
"JPN","CPI","TOT","AGRWTH","M","2022-09",3,
"JPN","CPI","TOT","AGRWTH","M","2022-10",3.7,
"JPN","CPI","TOT","AGRWTH","M","2022-11",3.8,
"JPN","CPI","TOT","AGRWTH","M","2022-12",4,
"JPN","CPI","TOT","AGRWTH","M","2023-01",4.3,
"JPN","CPI","TOT","AGRWTH","M","2023-02",3.3,
"JPN","CPI","TOT","AGRWTH","M","2023-03",3.2,
"JPN","CPI","TOT","AGRWTH","M","2023-04",3.5,
"JPN","CPI","TOT","AGRWTH","M","2023-05",3.2,
"JPN","CPI","TOT","AGRWTH","M","2023-06",3.3,
"JPN","CPI","TOT","AGRWTH","M","2023-07",3.3,
"JPN","CPI","TOT","AGRWTH","M","2023-08",3.2,
"JPN","CPI","TOT","AGRWTH","M","2023-09",3,
"JPN","CPI","TOT","AGRWTH","M","2023-10",3.3,
"KOR","CPI","TOT","AGRWTH","M","2021-10",3.164304,
"KOR","CPI","TOT","AGRWTH","M","2021-11",3.776601,
"KOR","CPI","TOT","AGRWTH","M","2021-12",3.697797,
"KOR","CPI","TOT","AGRWTH","M","2022-01",3.612431,
"KOR","CPI","TOT","AGRWTH","M","2022-02",3.662138,
"KOR","CPI","TOT","AGRWTH","M","2022-03",4.143755,
"KOR","CPI","TOT","AGRWTH","M","2022-04",4.775446,
"KOR","CPI","TOT","AGRWTH","M","2022-05",5.399314,
"KOR","CPI","TOT","AGRWTH","M","2022-06",6.046056,
"KOR","CPI","TOT","AGRWTH","M","2022-07",6.336789,
"KOR","CPI","TOT","AGRWTH","M","2022-08",5.712895,
"KOR","CPI","TOT","AGRWTH","M","2022-09",5.583018,
"KOR","CPI","TOT","AGRWTH","M","2022-10",5.670053,
"KOR","CPI","TOT","AGRWTH","M","2022-11",5.03514,
"KOR","CPI","TOT","AGRWTH","M","2022-12",5.036524,
"KOR","CPI","TOT","AGRWTH","M","2023-01",5.167638,
"KOR","CPI","TOT","AGRWTH","M","2023-02",4.824311,
"KOR","CPI","TOT","AGRWTH","M","2023-03",4.242881,
"KOR","CPI","TOT","AGRWTH","M","2023-04",3.696771,
"KOR","CPI","TOT","AGRWTH","M","2023-05",3.319078,
"KOR","CPI","TOT","AGRWTH","M","2023-06",2.679727,
"KOR","CPI","TOT","AGRWTH","M","2023-07",2.262277,
"KOR","CPI","TOT","AGRWTH","M","2023-08",3.415577,
"KOR","CPI","TOT","AGRWTH","M","2023-09",3.727164,
"KOR","CPI","TOT","AGRWTH","M","2023-10",3.809175,
"KOR","CPI","TOT","AGRWTH","M","2023-11",3.336389,
"LUX","CPI","TOT","AGRWTH","M","2021-10",3.621353,
"LUX","CPI","TOT","AGRWTH","M","2021-11",4.521952,
"LUX","CPI","TOT","AGRWTH","M","2021-12",4.14362,
"LUX","CPI","TOT","AGRWTH","M","2022-01",3.576085,
"LUX","CPI","TOT","AGRWTH","M","2022-02",6.564141,
"LUX","CPI","TOT","AGRWTH","M","2022-03",6.140189,
"LUX","CPI","TOT","AGRWTH","M","2022-04",6.959978,
"LUX","CPI","TOT","AGRWTH","M","2022-05",6.792627,
"LUX","CPI","TOT","AGRWTH","M","2022-06",7.425469,
"LUX","CPI","TOT","AGRWTH","M","2022-07",6.7615,
"LUX","CPI","TOT","AGRWTH","M","2022-08",6.760589,
"LUX","CPI","TOT","AGRWTH","M","2022-09",6.878597,
"LUX","CPI","TOT","AGRWTH","M","2022-10",6.85378,
"LUX","CPI","TOT","AGRWTH","M","2022-11",5.936319,
"LUX","CPI","TOT","AGRWTH","M","2022-12",5.374021,
"LUX","CPI","TOT","AGRWTH","M","2023-01",4.828269,
"LUX","CPI","TOT","AGRWTH","M","2023-02",4.311862,
"LUX","CPI","TOT","AGRWTH","M","2023-03",3.598188,
"LUX","CPI","TOT","AGRWTH","M","2023-04",3.689941,
"LUX","CPI","TOT","AGRWTH","M","2023-05",3.624752,
"LUX","CPI","TOT","AGRWTH","M","2023-06",3.17773,
"LUX","CPI","TOT","AGRWTH","M","2023-07",3.746323,
"LUX","CPI","TOT","AGRWTH","M","2023-08",4.241645,
"LUX","CPI","TOT","AGRWTH","M","2023-09",4.051282,
"LUX","CPI","TOT","AGRWTH","M","2023-10",3.160481,
"LUX","CPI","TOT","AGRWTH","M","2023-11",3.031075,
"MEX","CPI","TOT","AGRWTH","M","2021-10",6.239542,
"MEX","CPI","TOT","AGRWTH","M","2021-11",7.374881,
"MEX","CPI","TOT","AGRWTH","M","2021-12",7.355108,
"MEX","CPI","TOT","AGRWTH","M","2022-01",7.070139,
"MEX","CPI","TOT","AGRWTH","M","2022-02",7.279974,
"MEX","CPI","TOT","AGRWTH","M","2022-03",7.453677,
"MEX","CPI","TOT","AGRWTH","M","2022-04",7.682503,
"MEX","CPI","TOT","AGRWTH","M","2022-05",7.652621,
"MEX","CPI","TOT","AGRWTH","M","2022-06",7.986339,
"MEX","CPI","TOT","AGRWTH","M","2022-07",8.150806,
"MEX","CPI","TOT","AGRWTH","M","2022-08",8.695423,
"MEX","CPI","TOT","AGRWTH","M","2022-09",8.69975,
"MEX","CPI","TOT","AGRWTH","M","2022-10",8.406816,
"MEX","CPI","TOT","AGRWTH","M","2022-11",7.796619,
"MEX","CPI","TOT","AGRWTH","M","2022-12",7.817029,
"MEX","CPI","TOT","AGRWTH","M","2023-01",7.910036,
"MEX","CPI","TOT","AGRWTH","M","2023-02",7.618864,
"MEX","CPI","TOT","AGRWTH","M","2023-03",6.849258,
"MEX","CPI","TOT","AGRWTH","M","2023-04",6.252845,
"MEX","CPI","TOT","AGRWTH","M","2023-05",5.835303,
"MEX","CPI","TOT","AGRWTH","M","2023-06",5.055554,
"MEX","CPI","TOT","AGRWTH","M","2023-07",4.785763,
"MEX","CPI","TOT","AGRWTH","M","2023-08",4.638014,
"MEX","CPI","TOT","AGRWTH","M","2023-09",4.454488,
"MEX","CPI","TOT","AGRWTH","M","2023-10",4.257,
"MEX","CPI","TOT","AGRWTH","M","2023-11",4.323913,
"NLD","CPI","TOT","AGRWTH","M","2021-10",3.4203,
"NLD","CPI","TOT","AGRWTH","M","2021-11",5.166806,
"NLD","CPI","TOT","AGRWTH","M","2021-12",5.711637,
"NLD","CPI","TOT","AGRWTH","M","2022-01",6.42074,
"NLD","CPI","TOT","AGRWTH","M","2022-02",6.171134,
"NLD","CPI","TOT","AGRWTH","M","2022-03",9.727198,
"NLD","CPI","TOT","AGRWTH","M","2022-04",9.555596,
"NLD","CPI","TOT","AGRWTH","M","2022-05",8.761191,
"NLD","CPI","TOT","AGRWTH","M","2022-06",8.552932,
"NLD","CPI","TOT","AGRWTH","M","2022-07",10.28758,
"NLD","CPI","TOT","AGRWTH","M","2022-08",11.95917,
"NLD","CPI","TOT","AGRWTH","M","2022-09",14.532,
"NLD","CPI","TOT","AGRWTH","M","2022-10",14.32519,
"NLD","CPI","TOT","AGRWTH","M","2022-11",9.878943,
"NLD","CPI","TOT","AGRWTH","M","2022-12",9.586879,
"NLD","CPI","TOT","AGRWTH","M","2023-01",7.5788,
"NLD","CPI","TOT","AGRWTH","M","2023-02",7.963911,
"NLD","CPI","TOT","AGRWTH","M","2023-03",4.403148,
"NLD","CPI","TOT","AGRWTH","M","2023-04",5.17486,
"NLD","CPI","TOT","AGRWTH","M","2023-05",6.056279,
"NLD","CPI","TOT","AGRWTH","M","2023-06",5.695086,
"NLD","CPI","TOT","AGRWTH","M","2023-07",4.573497,
"NLD","CPI","TOT","AGRWTH","M","2023-08",3.025414,
"NLD","CPI","TOT","AGRWTH","M","2023-09",0.2127827,
"NLD","CPI","TOT","AGRWTH","M","2023-10",-0.4054581,
"NOR","CPI","TOT","AGRWTH","M","2021-10",3.533569,
"NOR","CPI","TOT","AGRWTH","M","2021-11",5.071174,
"NOR","CPI","TOT","AGRWTH","M","2021-12",5.314437,
"NOR","CPI","TOT","AGRWTH","M","2022-01",3.242769,
"NOR","CPI","TOT","AGRWTH","M","2022-02",3.655353,
"NOR","CPI","TOT","AGRWTH","M","2022-03",4.537522,
"NOR","CPI","TOT","AGRWTH","M","2022-04",5.391304,
"NOR","CPI","TOT","AGRWTH","M","2022-05",5.744125,
"NOR","CPI","TOT","AGRWTH","M","2022-06",6.33131,
"NOR","CPI","TOT","AGRWTH","M","2022-07",6.792778,
"NOR","CPI","TOT","AGRWTH","M","2022-08",6.534824,
"NOR","CPI","TOT","AGRWTH","M","2022-09",6.893617,
"NOR","CPI","TOT","AGRWTH","M","2022-10",7.508533,
"NOR","CPI","TOT","AGRWTH","M","2022-11",6.519898,
"NOR","CPI","TOT","AGRWTH","M","2022-12",5.8873,
"NOR","CPI","TOT","AGRWTH","M","2023-01",7.04584,
"NOR","CPI","TOT","AGRWTH","M","2023-02",6.297229,
"NOR","CPI","TOT","AGRWTH","M","2023-03",6.510851,
"NOR","CPI","TOT","AGRWTH","M","2023-04",6.435644,
"NOR","CPI","TOT","AGRWTH","M","2023-05",6.666667,
"NOR","CPI","TOT","AGRWTH","M","2023-06",6.362154,
"NOR","CPI","TOT","AGRWTH","M","2023-07",5.394525,
"NOR","CPI","TOT","AGRWTH","M","2023-08",4.842615,
"NOR","CPI","TOT","AGRWTH","M","2023-09",3.343949,
"NOR","CPI","TOT","AGRWTH","M","2023-10",4.047619,
"NOR","CPI","TOT","AGRWTH","M","2023-11",4.769475,
"POL","CPI","TOT","AGRWTH","M","2021-10",6.8,
"POL","CPI","TOT","AGRWTH","M","2021-11",7.8,
"POL","CPI","TOT","AGRWTH","M","2021-12",8.6,
"POL","CPI","TOT","AGRWTH","M","2022-01",9.4,
"POL","CPI","TOT","AGRWTH","M","2022-02",8.5,
"POL","CPI","TOT","AGRWTH","M","2022-03",11,
"POL","CPI","TOT","AGRWTH","M","2022-04",12.4,
"POL","CPI","TOT","AGRWTH","M","2022-05",13.9,
"POL","CPI","TOT","AGRWTH","M","2022-06",15.5,
"POL","CPI","TOT","AGRWTH","M","2022-07",15.6,
"POL","CPI","TOT","AGRWTH","M","2022-08",16.1,
"POL","CPI","TOT","AGRWTH","M","2022-09",17.2,
"POL","CPI","TOT","AGRWTH","M","2022-10",17.9,
"POL","CPI","TOT","AGRWTH","M","2022-11",17.5,
"POL","CPI","TOT","AGRWTH","M","2022-12",16.6,
"POL","CPI","TOT","AGRWTH","M","2023-01",16.6,
"POL","CPI","TOT","AGRWTH","M","2023-02",18.4,
"POL","CPI","TOT","AGRWTH","M","2023-03",16.1,
"POL","CPI","TOT","AGRWTH","M","2023-04",14.7,
"POL","CPI","TOT","AGRWTH","M","2023-05",13,
"POL","CPI","TOT","AGRWTH","M","2023-06",11.5,
"POL","CPI","TOT","AGRWTH","M","2023-07",10.8,
"POL","CPI","TOT","AGRWTH","M","2023-08",10.1,
"POL","CPI","TOT","AGRWTH","M","2023-09",8.2,
"POL","CPI","TOT","AGRWTH","M","2023-10",6.6,
"PRT","CPI","TOT","AGRWTH","M","2021-10",1.83108,
"PRT","CPI","TOT","AGRWTH","M","2021-11",2.583629,
"PRT","CPI","TOT","AGRWTH","M","2021-12",2.744237,
"PRT","CPI","TOT","AGRWTH","M","2022-01",3.33974,
"PRT","CPI","TOT","AGRWTH","M","2022-02",4.194359,
"PRT","CPI","TOT","AGRWTH","M","2022-03",5.33119,
"PRT","CPI","TOT","AGRWTH","M","2022-04",7.204314,
"PRT","CPI","TOT","AGRWTH","M","2022-05",7.999125,
"PRT","CPI","TOT","AGRWTH","M","2022-06",8.727304,
"PRT","CPI","TOT","AGRWTH","M","2022-07",9.060604,
"PRT","CPI","TOT","AGRWTH","M","2022-08",8.944199,
"PRT","CPI","TOT","AGRWTH","M","2022-09",9.281168,
"PRT","CPI","TOT","AGRWTH","M","2022-10",10.13933,
"PRT","CPI","TOT","AGRWTH","M","2022-11",9.93645,
"PRT","CPI","TOT","AGRWTH","M","2022-12",9.592893,
"PRT","CPI","TOT","AGRWTH","M","2023-01",8.362695,
"PRT","CPI","TOT","AGRWTH","M","2023-02",8.247509,
"PRT","CPI","TOT","AGRWTH","M","2023-03",7.43126,
"PRT","CPI","TOT","AGRWTH","M","2023-04",5.709613,
"PRT","CPI","TOT","AGRWTH","M","2023-05",3.984544,
"PRT","CPI","TOT","AGRWTH","M","2023-06",3.394032,
"PRT","CPI","TOT","AGRWTH","M","2023-07",3.067961,
"PRT","CPI","TOT","AGRWTH","M","2023-08",3.716,
"PRT","CPI","TOT","AGRWTH","M","2023-09",3.575786,
"PRT","CPI","TOT","AGRWTH","M","2023-10",2.117275,
"SVK","CPI","TOT","AGRWTH","M","2021-10",5.084746,
"SVK","CPI","TOT","AGRWTH","M","2021-11",5.590062,
"SVK","CPI","TOT","AGRWTH","M","2021-12",5.819209,
"SVK","CPI","TOT","AGRWTH","M","2022-01",8.367117,
"SVK","CPI","TOT","AGRWTH","M","2022-02",9.044944,
"SVK","CPI","TOT","AGRWTH","M","2022-03",10.39687,
"SVK","CPI","TOT","AGRWTH","M","2022-04",11.71221,
"SVK","CPI","TOT","AGRWTH","M","2022-05",12.55531,
"SVK","CPI","TOT","AGRWTH","M","2022-06",13.25633,
"SVK","CPI","TOT","AGRWTH","M","2022-07",13.6289,
"SVK","CPI","TOT","AGRWTH","M","2022-08",14.06761,
"SVK","CPI","TOT","AGRWTH","M","2022-09",14.16982,
"SVK","CPI","TOT","AGRWTH","M","2022-10",14.89247,
"SVK","CPI","TOT","AGRWTH","M","2022-11",15.34759,
"SVK","CPI","TOT","AGRWTH","M","2022-12",15.3764,
"SVK","CPI","TOT","AGRWTH","M","2023-01",15.19277,
"SVK","CPI","TOT","AGRWTH","M","2023-02",15.40443,
"SVK","CPI","TOT","AGRWTH","M","2023-03",14.73418,
"SVK","CPI","TOT","AGRWTH","M","2023-04",13.77933,
"SVK","CPI","TOT","AGRWTH","M","2023-05",11.94103,
"SVK","CPI","TOT","AGRWTH","M","2023-06",10.87907,
"SVK","CPI","TOT","AGRWTH","M","2023-07",9.682081,
"SVK","CPI","TOT","AGRWTH","M","2023-08",8.843212,
"SVK","CPI","TOT","AGRWTH","M","2023-09",8.195168,
"SVK","CPI","TOT","AGRWTH","M","2023-10",7.06598,
"ESP","CPI","TOT","AGRWTH","M","2021-10",5.366842,
"ESP","CPI","TOT","AGRWTH","M","2021-11",5.516243,
"ESP","CPI","TOT","AGRWTH","M","2021-12",6.549901,
"ESP","CPI","TOT","AGRWTH","M","2022-01",6.132215,
"ESP","CPI","TOT","AGRWTH","M","2022-02",7.623083,
"ESP","CPI","TOT","AGRWTH","M","2022-03",9.818375,
"ESP","CPI","TOT","AGRWTH","M","2022-04",8.344685,
"ESP","CPI","TOT","AGRWTH","M","2022-05",8.727353,
"ESP","CPI","TOT","AGRWTH","M","2022-06",10.2163,
"ESP","CPI","TOT","AGRWTH","M","2022-07",10.77025,
"ESP","CPI","TOT","AGRWTH","M","2022-08",10.54911,
"ESP","CPI","TOT","AGRWTH","M","2022-09",8.871986,
"ESP","CPI","TOT","AGRWTH","M","2022-10",7.264828,
"ESP","CPI","TOT","AGRWTH","M","2022-11",6.809555,
"ESP","CPI","TOT","AGRWTH","M","2022-12",5.70769,
"ESP","CPI","TOT","AGRWTH","M","2023-01",5.890872,
"ESP","CPI","TOT","AGRWTH","M","2023-02",6.034309,
"ESP","CPI","TOT","AGRWTH","M","2023-03",3.295651,
"ESP","CPI","TOT","AGRWTH","M","2023-04",4.095925,
"ESP","CPI","TOT","AGRWTH","M","2023-05",3.19318,
"ESP","CPI","TOT","AGRWTH","M","2023-06",1.892679,
"ESP","CPI","TOT","AGRWTH","M","2023-07",2.325751,
"ESP","CPI","TOT","AGRWTH","M","2023-08",2.615517,
"ESP","CPI","TOT","AGRWTH","M","2023-09",3.516046,
"ESP","CPI","TOT","AGRWTH","M","2023-10",3.467861,
"SWE","CPI","TOT","AGRWTH","M","2021-10",2.810339,
"SWE","CPI","TOT","AGRWTH","M","2021-11",3.272997,
"SWE","CPI","TOT","AGRWTH","M","2021-12",3.869276,
"SWE","CPI","TOT","AGRWTH","M","2022-01",3.688367,
"SWE","CPI","TOT","AGRWTH","M","2022-02",4.291909,
"SWE","CPI","TOT","AGRWTH","M","2022-03",5.966897,
"SWE","CPI","TOT","AGRWTH","M","2022-04",6.360725,
"SWE","CPI","TOT","AGRWTH","M","2022-05",7.26601,
"SWE","CPI","TOT","AGRWTH","M","2022-06",8.681004,
"SWE","CPI","TOT","AGRWTH","M","2022-07",8.488443,
"SWE","CPI","TOT","AGRWTH","M","2022-08",9.831681,
"SWE","CPI","TOT","AGRWTH","M","2022-09",10.83762,
"SWE","CPI","TOT","AGRWTH","M","2022-10",10.85325,
"SWE","CPI","TOT","AGRWTH","M","2022-11",11.46453,
"SWE","CPI","TOT","AGRWTH","M","2022-12",12.33864,
"SWE","CPI","TOT","AGRWTH","M","2023-01",11.67846,
"SWE","CPI","TOT","AGRWTH","M","2023-02",11.95271,
"SWE","CPI","TOT","AGRWTH","M","2023-03",10.63924,
"SWE","CPI","TOT","AGRWTH","M","2023-04",10.4718,
"SWE","CPI","TOT","AGRWTH","M","2023-05",9.66869,
"SWE","CPI","TOT","AGRWTH","M","2023-06",9.311228,
"SWE","CPI","TOT","AGRWTH","M","2023-07",9.262551,
"SWE","CPI","TOT","AGRWTH","M","2023-08",7.453482,
"SWE","CPI","TOT","AGRWTH","M","2023-09",6.482086,
"SWE","CPI","TOT","AGRWTH","M","2023-10",6.51755,
"CHE","CPI","TOT","AGRWTH","M","2021-10",1.241863,
"CHE","CPI","TOT","AGRWTH","M","2021-11",1.532864,
"CHE","CPI","TOT","AGRWTH","M","2021-12",1.5311,
"CHE","CPI","TOT","AGRWTH","M","2022-01",1.648788,
"CHE","CPI","TOT","AGRWTH","M","2022-02",2.150872,
"CHE","CPI","TOT","AGRWTH","M","2022-03",2.386192,
"CHE","CPI","TOT","AGRWTH","M","2022-04",2.548044,
"CHE","CPI","TOT","AGRWTH","M","2022-05",2.942478,
"CHE","CPI","TOT","AGRWTH","M","2022-06",3.384971,
"CHE","CPI","TOT","AGRWTH","M","2022-07",3.433475,
"CHE","CPI","TOT","AGRWTH","M","2022-08",3.45212,
"CHE","CPI","TOT","AGRWTH","M","2022-09",3.252485,
"CHE","CPI","TOT","AGRWTH","M","2022-10",2.996002,
"CHE","CPI","TOT","AGRWTH","M","2022-11",2.960212,
"CHE","CPI","TOT","AGRWTH","M","2022-12",2.840312,
"CHE","CPI","TOT","AGRWTH","M","2023-01",3.282533,
"CHE","CPI","TOT","AGRWTH","M","2023-02",3.371806,
"CHE","CPI","TOT","AGRWTH","M","2023-03",2.945302,
"CHE","CPI","TOT","AGRWTH","M","2023-04",2.565343,
"CHE","CPI","TOT","AGRWTH","M","2023-05",2.158705,
"CHE","CPI","TOT","AGRWTH","M","2023-06",1.710877,
"CHE","CPI","TOT","AGRWTH","M","2023-07",1.605105,
"CHE","CPI","TOT","AGRWTH","M","2023-08",1.554305,
"CHE","CPI","TOT","AGRWTH","M","2023-09",1.654665,
"CHE","CPI","TOT","AGRWTH","M","2023-10",1.693438,
"CHE","CPI","TOT","AGRWTH","M","2023-11",1.443668,
"TUR","CPI","TOT","AGRWTH","M","2021-10",19.89002,
"TUR","CPI","TOT","AGRWTH","M","2021-11",21.31253,
"TUR","CPI","TOT","AGRWTH","M","2021-12",36.0809,
"TUR","CPI","TOT","AGRWTH","M","2022-01",48.69082,
"TUR","CPI","TOT","AGRWTH","M","2022-02",54.43857,
"TUR","CPI","TOT","AGRWTH","M","2022-03",61.14454,
"TUR","CPI","TOT","AGRWTH","M","2022-04",69.97107,
"TUR","CPI","TOT","AGRWTH","M","2022-05",73.49595,
"TUR","CPI","TOT","AGRWTH","M","2022-06",78.6184,
"TUR","CPI","TOT","AGRWTH","M","2022-07",79.60205,
"TUR","CPI","TOT","AGRWTH","M","2022-08",80.2076,
"TUR","CPI","TOT","AGRWTH","M","2022-09",83.45249,
"TUR","CPI","TOT","AGRWTH","M","2022-10",85.51479,
"TUR","CPI","TOT","AGRWTH","M","2022-11",84.38926,
"TUR","CPI","TOT","AGRWTH","M","2022-12",64.2696,
"TUR","CPI","TOT","AGRWTH","M","2023-01",57.68248,
"TUR","CPI","TOT","AGRWTH","M","2023-02",55.17983,
"TUR","CPI","TOT","AGRWTH","M","2023-03",50.50851,
"TUR","CPI","TOT","AGRWTH","M","2023-04",43.68417,
"TUR","CPI","TOT","AGRWTH","M","2023-05",39.5853,
"TUR","CPI","TOT","AGRWTH","M","2023-06",38.21352,
"TUR","CPI","TOT","AGRWTH","M","2023-07",47.83173,
"TUR","CPI","TOT","AGRWTH","M","2023-08",58.94353,
"TUR","CPI","TOT","AGRWTH","M","2023-09",61.52987,
"TUR","CPI","TOT","AGRWTH","M","2023-10",61.35701,
"GBR","CPI","TOT","AGRWTH","M","2021-10",3.8,
"GBR","CPI","TOT","AGRWTH","M","2021-11",4.6,
"GBR","CPI","TOT","AGRWTH","M","2021-12",4.8,
"GBR","CPI","TOT","AGRWTH","M","2022-01",4.9,
"GBR","CPI","TOT","AGRWTH","M","2022-02",5.5,
"GBR","CPI","TOT","AGRWTH","M","2022-03",6.2,
"GBR","CPI","TOT","AGRWTH","M","2022-04",7.8,
"GBR","CPI","TOT","AGRWTH","M","2022-05",7.9,
"GBR","CPI","TOT","AGRWTH","M","2022-06",8.2,
"GBR","CPI","TOT","AGRWTH","M","2022-07",8.8,
"GBR","CPI","TOT","AGRWTH","M","2022-08",8.6,
"GBR","CPI","TOT","AGRWTH","M","2022-09",8.8,
"GBR","CPI","TOT","AGRWTH","M","2022-10",9.6,
"GBR","CPI","TOT","AGRWTH","M","2022-11",9.3,
"GBR","CPI","TOT","AGRWTH","M","2022-12",9.2,
"GBR","CPI","TOT","AGRWTH","M","2023-01",8.8,
"GBR","CPI","TOT","AGRWTH","M","2023-02",9.2,
"GBR","CPI","TOT","AGRWTH","M","2023-03",8.9,
"GBR","CPI","TOT","AGRWTH","M","2023-04",7.8,
"GBR","CPI","TOT","AGRWTH","M","2023-05",7.9,
"GBR","CPI","TOT","AGRWTH","M","2023-06",7.3,
"GBR","CPI","TOT","AGRWTH","M","2023-07",6.4,
"GBR","CPI","TOT","AGRWTH","M","2023-08",6.3,
"GBR","CPI","TOT","AGRWTH","M","2023-09",6.3,
"GBR","CPI","TOT","AGRWTH","M","2023-10",4.7,
"USA","CPI","TOT","AGRWTH","M","2021-10",6.221869,
"USA","CPI","TOT","AGRWTH","M","2021-11",6.809003,
"USA","CPI","TOT","AGRWTH","M","2021-12",7.036403,
"USA","CPI","TOT","AGRWTH","M","2022-01",7.479873,
"USA","CPI","TOT","AGRWTH","M","2022-02",7.871064,
"USA","CPI","TOT","AGRWTH","M","2022-03",8.542456,
"USA","CPI","TOT","AGRWTH","M","2022-04",8.25863,
"USA","CPI","TOT","AGRWTH","M","2022-05",8.581511,
"USA","CPI","TOT","AGRWTH","M","2022-06",9.059758,
"USA","CPI","TOT","AGRWTH","M","2022-07",8.524815,
"USA","CPI","TOT","AGRWTH","M","2022-08",8.262692,
"USA","CPI","TOT","AGRWTH","M","2022-09",8.20167,
"USA","CPI","TOT","AGRWTH","M","2022-10",7.745427,
"USA","CPI","TOT","AGRWTH","M","2022-11",7.110323,
"USA","CPI","TOT","AGRWTH","M","2022-12",6.454401,
"USA","CPI","TOT","AGRWTH","M","2023-01",6.410147,
"USA","CPI","TOT","AGRWTH","M","2023-02",6.035613,
"USA","CPI","TOT","AGRWTH","M","2023-03",4.984974,
"USA","CPI","TOT","AGRWTH","M","2023-04",4.93032,
"USA","CPI","TOT","AGRWTH","M","2023-05",4.047609,
"USA","CPI","TOT","AGRWTH","M","2023-06",2.969178,
"USA","CPI","TOT","AGRWTH","M","2023-07",3.17778,
"USA","CPI","TOT","AGRWTH","M","2023-08",3.665112,
"USA","CPI","TOT","AGRWTH","M","2023-09",3.699698,
"USA","CPI","TOT","AGRWTH","M","2023-10",3.241145,
"BRA","CPI","TOT","AGRWTH","M","2021-10",10.67262,
"BRA","CPI","TOT","AGRWTH","M","2021-11",10.7385,
"BRA","CPI","TOT","AGRWTH","M","2021-12",10.06098,
"BRA","CPI","TOT","AGRWTH","M","2022-01",10.37943,
"BRA","CPI","TOT","AGRWTH","M","2022-02",10.54366,
"BRA","CPI","TOT","AGRWTH","M","2022-03",11.29941,
"BRA","CPI","TOT","AGRWTH","M","2022-04",12.13163,
"BRA","CPI","TOT","AGRWTH","M","2022-05",11.73121,
"BRA","CPI","TOT","AGRWTH","M","2022-06",11.88687,
"BRA","CPI","TOT","AGRWTH","M","2022-07",10.0694,
"BRA","CPI","TOT","AGRWTH","M","2022-08",8.727291,
"BRA","CPI","TOT","AGRWTH","M","2022-09",7.168825,
"BRA","CPI","TOT","AGRWTH","M","2022-10",6.470372,
"BRA","CPI","TOT","AGRWTH","M","2022-11",5.900729,
"BRA","CPI","TOT","AGRWTH","M","2022-12",5.785093,
"BRA","CPI","TOT","AGRWTH","M","2023-01",5.774497,
"BRA","CPI","TOT","AGRWTH","M","2023-02",5.596405,
"BRA","CPI","TOT","AGRWTH","M","2023-03",4.65078,
"BRA","CPI","TOT","AGRWTH","M","2023-04",4.184788,
"BRA","CPI","TOT","AGRWTH","M","2023-05",3.935829,
"BRA","CPI","TOT","AGRWTH","M","2023-06",3.161474,
"BRA","CPI","TOT","AGRWTH","M","2023-07",3.992389,
"BRA","CPI","TOT","AGRWTH","M","2023-08",4.60817,
"BRA","CPI","TOT","AGRWTH","M","2023-09",5.18528,
"BRA","CPI","TOT","AGRWTH","M","2023-10",4.819185,
"CHL","CPI","TOT","AGRWTH","M","2021-10",6.027037,
"CHL","CPI","TOT","AGRWTH","M","2021-11",6.702388,
"CHL","CPI","TOT","AGRWTH","M","2021-12",7.166948,
"CHL","CPI","TOT","AGRWTH","M","2022-01",7.703042,
"CHL","CPI","TOT","AGRWTH","M","2022-02",7.809453,
"CHL","CPI","TOT","AGRWTH","M","2022-03",9.408826,
"CHL","CPI","TOT","AGRWTH","M","2022-04",10.51613,
"CHL","CPI","TOT","AGRWTH","M","2022-05",11.54518,
"CHL","CPI","TOT","AGRWTH","M","2022-06",12.49082,
"CHL","CPI","TOT","AGRWTH","M","2022-07",13.11953,
"CHL","CPI","TOT","AGRWTH","M","2022-08",14.08988,
"CHL","CPI","TOT","AGRWTH","M","2022-09",13.72813,
"CHL","CPI","TOT","AGRWTH","M","2022-10",12.81211,
"CHL","CPI","TOT","AGRWTH","M","2022-11",13.33803,
"CHL","CPI","TOT","AGRWTH","M","2022-12",12.78958,
"CHL","CPI","TOT","AGRWTH","M","2023-01",12.3348,
"CHL","CPI","TOT","AGRWTH","M","2023-02",11.9466,
"CHL","CPI","TOT","AGRWTH","M","2023-03",11.0942,
"CHL","CPI","TOT","AGRWTH","M","2023-04",9.907431,
"CHL","CPI","TOT","AGRWTH","M","2023-05",8.726823,
"CHL","CPI","TOT","AGRWTH","M","2023-06",7.560418,
"CHL","CPI","TOT","AGRWTH","M","2023-07",6.475515,
"CHL","CPI","TOT","AGRWTH","M","2023-08",5.315509,
"CHL","CPI","TOT","AGRWTH","M","2023-09",5.120316,
"CHL","CPI","TOT","AGRWTH","M","2023-10",5.031002,
"CHL","CPI","TOT","AGRWTH","M","2023-11",4.795958,
"CHN","CPI","TOT","AGRWTH","M","2021-10",1.5,
"CHN","CPI","TOT","AGRWTH","M","2021-11",2.3,
"CHN","CPI","TOT","AGRWTH","M","2021-12",1.5,
"CHN","CPI","TOT","AGRWTH","M","2022-01",0.9,
"CHN","CPI","TOT","AGRWTH","M","2022-02",0.9,
"CHN","CPI","TOT","AGRWTH","M","2022-03",1.5,
"CHN","CPI","TOT","AGRWTH","M","2022-04",2.1,
"CHN","CPI","TOT","AGRWTH","M","2022-05",2.1,
"CHN","CPI","TOT","AGRWTH","M","2022-06",2.5,
"CHN","CPI","TOT","AGRWTH","M","2022-07",2.7,
"CHN","CPI","TOT","AGRWTH","M","2022-08",2.5,
"CHN","CPI","TOT","AGRWTH","M","2022-09",2.8,
"CHN","CPI","TOT","AGRWTH","M","2022-10",2.1,
"CHN","CPI","TOT","AGRWTH","M","2022-11",1.6,
"CHN","CPI","TOT","AGRWTH","M","2022-12",1.8,
"CHN","CPI","TOT","AGRWTH","M","2023-01",2.1,
"CHN","CPI","TOT","AGRWTH","M","2023-02",1,
"CHN","CPI","TOT","AGRWTH","M","2023-03",0.7,
"CHN","CPI","TOT","AGRWTH","M","2023-04",0.1,
"CHN","CPI","TOT","AGRWTH","M","2023-05",0.2,
"CHN","CPI","TOT","AGRWTH","M","2023-06",0,
"CHN","CPI","TOT","AGRWTH","M","2023-07",-0.3,
"CHN","CPI","TOT","AGRWTH","M","2023-08",0.1,
"CHN","CPI","TOT","AGRWTH","M","2023-09",0,
"CHN","CPI","TOT","AGRWTH","M","2023-10",-0.2,
"EST","CPI","TOT","AGRWTH","M","2021-10",7.021677,
"EST","CPI","TOT","AGRWTH","M","2021-11",8.847059,
"EST","CPI","TOT","AGRWTH","M","2021-12",12.14118,
"EST","CPI","TOT","AGRWTH","M","2022-01",11.3137,
"EST","CPI","TOT","AGRWTH","M","2022-02",12.00742,
"EST","CPI","TOT","AGRWTH","M","2022-03",15.18811,
"EST","CPI","TOT","AGRWTH","M","2022-04",18.88015,
"EST","CPI","TOT","AGRWTH","M","2022-05",19.98167,
"EST","CPI","TOT","AGRWTH","M","2022-06",21.8396,
"EST","CPI","TOT","AGRWTH","M","2022-07",22.86068,
"EST","CPI","TOT","AGRWTH","M","2022-08",24.78861,
"EST","CPI","TOT","AGRWTH","M","2022-09",23.64835,
"EST","CPI","TOT","AGRWTH","M","2022-10",22.5011,
"EST","CPI","TOT","AGRWTH","M","2022-11",21.31431,
"EST","CPI","TOT","AGRWTH","M","2022-12",17.62484,
"EST","CPI","TOT","AGRWTH","M","2023-01",18.60563,
"EST","CPI","TOT","AGRWTH","M","2023-02",17.54967,
"EST","CPI","TOT","AGRWTH","M","2023-03",15.28226,
"EST","CPI","TOT","AGRWTH","M","2023-04",13.46828,
"EST","CPI","TOT","AGRWTH","M","2023-05",11.30634,
"EST","CPI","TOT","AGRWTH","M","2023-06",9.185571,
"EST","CPI","TOT","AGRWTH","M","2023-07",6.420172,
"EST","CPI","TOT","AGRWTH","M","2023-08",4.600571,
"EST","CPI","TOT","AGRWTH","M","2023-09",4.230359,
"EST","CPI","TOT","AGRWTH","M","2023-10",4.924515,
"EST","CPI","TOT","AGRWTH","M","2023-11",4.027085,
"IND","CPI","TOT","AGRWTH","M","2021-10",4.518828,
"IND","CPI","TOT","AGRWTH","M","2021-11",4.837365,
"IND","CPI","TOT","AGRWTH","M","2021-12",5.555555,
"IND","CPI","TOT","AGRWTH","M","2022-01",5.837564,
"IND","CPI","TOT","AGRWTH","M","2022-02",5.042017,
"IND","CPI","TOT","AGRWTH","M","2022-03",5.351171,
"IND","CPI","TOT","AGRWTH","M","2022-04",6.32806,
"IND","CPI","TOT","AGRWTH","M","2022-05",6.965174,
"IND","CPI","TOT","AGRWTH","M","2022-06",6.162695,
"IND","CPI","TOT","AGRWTH","M","2022-07",5.781759,
"IND","CPI","TOT","AGRWTH","M","2022-08",5.853659,
"IND","CPI","TOT","AGRWTH","M","2022-09",6.48824,
"IND","CPI","TOT","AGRWTH","M","2022-10",6.084868,
"IND","CPI","TOT","AGRWTH","M","2022-11",5.409706,
"IND","CPI","TOT","AGRWTH","M","2022-12",5.502392,
"IND","CPI","TOT","AGRWTH","M","2023-01",6.155076,
"IND","CPI","TOT","AGRWTH","M","2023-02",6.16,
"IND","CPI","TOT","AGRWTH","M","2023-03",5.793651,
"IND","CPI","TOT","AGRWTH","M","2023-04",5.090055,
"IND","CPI","TOT","AGRWTH","M","2023-05",4.418605,
"IND","CPI","TOT","AGRWTH","M","2023-06",5.572755,
"IND","CPI","TOT","AGRWTH","M","2023-07",7.544265,
"IND","CPI","TOT","AGRWTH","M","2023-08",6.912442,
"IND","CPI","TOT","AGRWTH","M","2023-09",4.722011,
"IND","CPI","TOT","AGRWTH","M","2023-10",4.45283,
"IDN","CPI","TOT","AGRWTH","M","2021-10",1.658406,
"IDN","CPI","TOT","AGRWTH","M","2021-11",1.748883,
"IDN","CPI","TOT","AGRWTH","M","2021-12",1.873581,
"IDN","CPI","TOT","AGRWTH","M","2022-01",2.180274,
"IDN","CPI","TOT","AGRWTH","M","2022-02",2.05544,
"IDN","CPI","TOT","AGRWTH","M","2022-03",2.637777,
"IDN","CPI","TOT","AGRWTH","M","2022-04",3.471634,
"IDN","CPI","TOT","AGRWTH","M","2022-05",3.554347,
"IDN","CPI","TOT","AGRWTH","M","2022-06",4.349051,
"IDN","CPI","TOT","AGRWTH","M","2022-07",4.937113,
"IDN","CPI","TOT","AGRWTH","M","2022-08",4.691752,
"IDN","CPI","TOT","AGRWTH","M","2022-09",5.951375,
"IDN","CPI","TOT","AGRWTH","M","2022-10",5.709732,
"IDN","CPI","TOT","AGRWTH","M","2022-11",5.418029,
"IDN","CPI","TOT","AGRWTH","M","2022-12",5.508081,
"IDN","CPI","TOT","AGRWTH","M","2023-01",5.282158,
"IDN","CPI","TOT","AGRWTH","M","2023-02",5.467474,
"IDN","CPI","TOT","AGRWTH","M","2023-03",4.965547,
"IDN","CPI","TOT","AGRWTH","M","2023-04",4.32939,
"IDN","CPI","TOT","AGRWTH","M","2023-05",4.004224,
"IDN","CPI","TOT","AGRWTH","M","2023-06",3.520988,
"IDN","CPI","TOT","AGRWTH","M","2023-07",3.078237,
"IDN","CPI","TOT","AGRWTH","M","2023-08",3.272805,
"IDN","CPI","TOT","AGRWTH","M","2023-09",2.278259,
"IDN","CPI","TOT","AGRWTH","M","2023-10",2.5645,
"ISR","CPI","TOT","AGRWTH","M","2021-10",2.328042,
"ISR","CPI","TOT","AGRWTH","M","2021-11",2.439024,
"ISR","CPI","TOT","AGRWTH","M","2021-12",2.866242,
"ISR","CPI","TOT","AGRWTH","M","2022-01",3.188098,
"ISR","CPI","TOT","AGRWTH","M","2022-02",3.495763,
"ISR","CPI","TOT","AGRWTH","M","2022-03",3.473684,
"ISR","CPI","TOT","AGRWTH","M","2022-04",3.882476,
"ISR","CPI","TOT","AGRWTH","M","2022-05",4.184101,
"ISR","CPI","TOT","AGRWTH","M","2022-06",4.493208,
"ISR","CPI","TOT","AGRWTH","M","2022-07",5.202914,
"ISR","CPI","TOT","AGRWTH","M","2022-08",4.564315,
"ISR","CPI","TOT","AGRWTH","M","2022-09",4.554865,
"ISR","CPI","TOT","AGRWTH","M","2022-10",5.067218,
"ISR","CPI","TOT","AGRWTH","M","2022-11",5.279503,
"ISR","CPI","TOT","AGRWTH","M","2022-12",5.263158,
"ISR","CPI","TOT","AGRWTH","M","2023-01",5.355304,
"ISR","CPI","TOT","AGRWTH","M","2023-02",5.220061,
"ISR","CPI","TOT","AGRWTH","M","2023-03",4.984741,
"ISR","CPI","TOT","AGRWTH","M","2023-04",5.050505,
"ISR","CPI","TOT","AGRWTH","M","2023-05",4.618474,
"ISR","CPI","TOT","AGRWTH","M","2023-06",4.2,
"ISR","CPI","TOT","AGRWTH","M","2023-07",3.363007,
"ISR","CPI","TOT","AGRWTH","M","2023-08",4.166667,
"ISR","CPI","TOT","AGRWTH","M","2023-09",3.861386,
"ISR","CPI","TOT","AGRWTH","M","2023-10",3.740157,
"RUS","CPI","TOT","AGRWTH","M","2021-10",8.135334,
"RUS","CPI","TOT","AGRWTH","M","2021-11",8.403767,
"RUS","CPI","TOT","AGRWTH","M","2021-12",8.393015,
"RUS","CPI","TOT","AGRWTH","M","2022-01",8.737564,
"RUS","CPI","TOT","AGRWTH","M","2022-02",9.158359,
"RUS","CPI","TOT","AGRWTH","M","2022-03",16.69844,
"SVN","CPI","TOT","AGRWTH","M","2021-10",3.047276,
"SVN","CPI","TOT","AGRWTH","M","2021-11",4.562847,
"SVN","CPI","TOT","AGRWTH","M","2021-12",4.884368,
"SVN","CPI","TOT","AGRWTH","M","2022-01",5.753662,
"SVN","CPI","TOT","AGRWTH","M","2022-02",6.899866,
"SVN","CPI","TOT","AGRWTH","M","2022-03",5.363471,
"SVN","CPI","TOT","AGRWTH","M","2022-04",6.947867,
"SVN","CPI","TOT","AGRWTH","M","2022-05",8.1142,
"SVN","CPI","TOT","AGRWTH","M","2022-06",10.42951,
"SVN","CPI","TOT","AGRWTH","M","2022-07",11.03775,
"SVN","CPI","TOT","AGRWTH","M","2022-08",10.96247,
"SVN","CPI","TOT","AGRWTH","M","2022-09",10.00186,
"SVN","CPI","TOT","AGRWTH","M","2022-10",9.847997,
"SVN","CPI","TOT","AGRWTH","M","2022-11",10.02653,
"SVN","CPI","TOT","AGRWTH","M","2022-12",10.25618,
"SVN","CPI","TOT","AGRWTH","M","2023-01",10.03372,
"SVN","CPI","TOT","AGRWTH","M","2023-02",9.277239,
"SVN","CPI","TOT","AGRWTH","M","2023-03",10.5445,
"SVN","CPI","TOT","AGRWTH","M","2023-04",9.403527,
"SVN","CPI","TOT","AGRWTH","M","2023-05",8.356498,
"SVN","CPI","TOT","AGRWTH","M","2023-06",6.924833,
"SVN","CPI","TOT","AGRWTH","M","2023-07",6.079893,
"SVN","CPI","TOT","AGRWTH","M","2023-08",6.16209,
"SVN","CPI","TOT","AGRWTH","M","2023-09",7.444651,
"SVN","CPI","TOT","AGRWTH","M","2023-10",6.860114,
"SVN","CPI","TOT","AGRWTH","M","2023-11",4.872371,
"ZAF","CPI","TOT","AGRWTH","M","2021-10",4.984093,
"ZAF","CPI","TOT","AGRWTH","M","2021-11",5.408271,
"ZAF","CPI","TOT","AGRWTH","M","2021-12",5.932203,
"ZAF","CPI","TOT","AGRWTH","M","2022-01",5.696203,
"ZAF","CPI","TOT","AGRWTH","M","2022-02",5.660378,
"ZAF","CPI","TOT","AGRWTH","M","2022-03",6.145833,
"ZAF","CPI","TOT","AGRWTH","M","2022-04",5.997932,
"ZAF","CPI","TOT","AGRWTH","M","2022-05",6.61157,
"ZAF","CPI","TOT","AGRWTH","M","2022-06",7.415036,
"ZAF","CPI","TOT","AGRWTH","M","2022-07",8.053007,
"ZAF","CPI","TOT","AGRWTH","M","2022-08",7.918782,
"ZAF","CPI","TOT","AGRWTH","M","2022-09",7.801418,
"ZAF","CPI","TOT","AGRWTH","M","2022-10",7.777778,
"ZAF","CPI","TOT","AGRWTH","M","2022-11",7.746479,
"ZAF","CPI","TOT","AGRWTH","M","2022-12",7.5,
"ZAF","CPI","TOT","AGRWTH","M","2023-01",7.185629,
"ZAF","CPI","TOT","AGRWTH","M","2023-02",7.34127,
"ZAF","CPI","TOT","AGRWTH","M","2023-03",7.262022,
"ZAF","CPI","TOT","AGRWTH","M","2023-04",7.121951,
"ZAF","CPI","TOT","AGRWTH","M","2023-05",6.589147,
"ZAF","CPI","TOT","AGRWTH","M","2023-06",5.656759,
"ZAF","CPI","TOT","AGRWTH","M","2023-07",4.811321,
"ZAF","CPI","TOT","AGRWTH","M","2023-08",4.797742,
"ZAF","CPI","TOT","AGRWTH","M","2023-09",5.451128,
"ZAF","CPI","TOT","AGRWTH","M","2023-10",6.091846,
"OECD","CPI","TOT","AGRWTH","M","2021-10",5.23477,
"OECD","CPI","TOT","AGRWTH","M","2021-11",5.841645,
"OECD","CPI","TOT","AGRWTH","M","2021-12",6.530785,
"OECD","CPI","TOT","AGRWTH","M","2022-01",7.162187,
"OECD","CPI","TOT","AGRWTH","M","2022-02",7.749101,
"OECD","CPI","TOT","AGRWTH","M","2022-03",8.738124,
"OECD","CPI","TOT","AGRWTH","M","2022-04",9.187613,
"OECD","CPI","TOT","AGRWTH","M","2022-05",9.689175,
"OECD","CPI","TOT","AGRWTH","M","2022-06",10.32655,
"OECD","CPI","TOT","AGRWTH","M","2022-07",10.29909,
"OECD","CPI","TOT","AGRWTH","M","2022-08",10.31103,
"OECD","CPI","TOT","AGRWTH","M","2022-09",10.56669,
"OECD","CPI","TOT","AGRWTH","M","2022-10",10.68788,
"OECD","CPI","TOT","AGRWTH","M","2022-11",10.29603,
"OECD","CPI","TOT","AGRWTH","M","2022-12",9.407298,
"OECD","CPI","TOT","AGRWTH","M","2023-01",9.166848,
"OECD","CPI","TOT","AGRWTH","M","2023-02",8.815586,
"OECD","CPI","TOT","AGRWTH","M","2023-03",7.732765,
"OECD","CPI","TOT","AGRWTH","M","2023-04",7.342982,
"OECD","CPI","TOT","AGRWTH","M","2023-05",6.482729,
"OECD","CPI","TOT","AGRWTH","M","2023-06",5.655442,
"OECD","CPI","TOT","AGRWTH","M","2023-07",5.859074,
"OECD","CPI","TOT","AGRWTH","M","2023-08",6.382345,
"OECD","CPI","TOT","AGRWTH","M","2023-09",6.231603,
"OECD","CPI","TOT","AGRWTH","M","2023-10",5.624016,
"OECDE","CPI","TOT","AGRWTH","M","2021-10",5.369724,
"OECDE","CPI","TOT","AGRWTH","M","2021-11",6.055999,
"OECDE","CPI","TOT","AGRWTH","M","2021-12",7.639584,
"OECDE","CPI","TOT","AGRWTH","M","2022-01",8.796448,
"OECDE","CPI","TOT","AGRWTH","M","2022-02",9.762759,
"OECDE","CPI","TOT","AGRWTH","M","2022-03",11.48434,
"OECDE","CPI","TOT","AGRWTH","M","2022-04",12.61623,
"OECDE","CPI","TOT","AGRWTH","M","2022-05",13.48732,
"OECDE","CPI","TOT","AGRWTH","M","2022-06",14.5451,
"OECDE","CPI","TOT","AGRWTH","M","2022-07",14.95318,
"OECDE","CPI","TOT","AGRWTH","M","2022-08",15.2148,
"OECDE","CPI","TOT","AGRWTH","M","2022-09",16.03458,
"OECDE","CPI","TOT","AGRWTH","M","2022-10",16.74023,
"OECDE","CPI","TOT","AGRWTH","M","2022-11",16.49316,
"OECDE","CPI","TOT","AGRWTH","M","2022-12",14.71726,
"OECDE","CPI","TOT","AGRWTH","M","2023-01",14.05759,
"OECDE","CPI","TOT","AGRWTH","M","2023-02",13.88245,
"OECDE","CPI","TOT","AGRWTH","M","2023-03",12.31971,
"OECDE","CPI","TOT","AGRWTH","M","2023-04",11.43045,
"OECDE","CPI","TOT","AGRWTH","M","2023-05",10.35318,
"OECDE","CPI","TOT","AGRWTH","M","2023-06",9.55821,
"OECDE","CPI","TOT","AGRWTH","M","2023-07",10.00859,
"OECDE","CPI","TOT","AGRWTH","M","2023-08",10.84816,
"OECDE","CPI","TOT","AGRWTH","M","2023-09",10.43578,
"OECDE","CPI","TOT","AGRWTH","M","2023-10",9.35637,
"G-7","CPI","TOT","AGRWTH","M","2021-10",4.810101,
"G-7","CPI","TOT","AGRWTH","M","2021-11",5.340688,
"G-7","CPI","TOT","AGRWTH","M","2021-12",5.530723,
"G-7","CPI","TOT","AGRWTH","M","2022-01",5.761806,
"G-7","CPI","TOT","AGRWTH","M","2022-02",6.212471,
"G-7","CPI","TOT","AGRWTH","M","2022-03",6.960012,
"G-7","CPI","TOT","AGRWTH","M","2022-04",7.06769,
"G-7","CPI","TOT","AGRWTH","M","2022-05",7.444061,
"G-7","CPI","TOT","AGRWTH","M","2022-06",7.842598,
"G-7","CPI","TOT","AGRWTH","M","2022-07",7.583457,
"G-7","CPI","TOT","AGRWTH","M","2022-08",7.473825,
"G-7","CPI","TOT","AGRWTH","M","2022-09",7.582751,
"G-7","CPI","TOT","AGRWTH","M","2022-10",7.668732,
"G-7","CPI","TOT","AGRWTH","M","2022-11",7.264456,
"G-7","CPI","TOT","AGRWTH","M","2022-12",6.782069,
"G-7","CPI","TOT","AGRWTH","M","2023-01",6.724281,
"G-7","CPI","TOT","AGRWTH","M","2023-02",6.360728,
"G-7","CPI","TOT","AGRWTH","M","2023-03",5.444933,
"G-7","CPI","TOT","AGRWTH","M","2023-04",5.396575,
"G-7","CPI","TOT","AGRWTH","M","2023-05",4.631701,
"G-7","CPI","TOT","AGRWTH","M","2023-06",3.856932,
"G-7","CPI","TOT","AGRWTH","M","2023-07",3.882455,
"G-7","CPI","TOT","AGRWTH","M","2023-08",4.181582,
"G-7","CPI","TOT","AGRWTH","M","2023-09",4.052363,
"G-7","CPI","TOT","AGRWTH","M","2023-10",3.353149,
"COL","CPI","TOT","AGRWTH","M","2021-10",4.583541,
"COL","CPI","TOT","AGRWTH","M","2021-11",5.258945,
"COL","CPI","TOT","AGRWTH","M","2021-12",5.62267,
"COL","CPI","TOT","AGRWTH","M","2022-01",6.944602,
"COL","CPI","TOT","AGRWTH","M","2022-02",8.005195,
"COL","CPI","TOT","AGRWTH","M","2022-03",8.527874,
"COL","CPI","TOT","AGRWTH","M","2022-04",9.2341,
"COL","CPI","TOT","AGRWTH","M","2022-05",9.066776,
"COL","CPI","TOT","AGRWTH","M","2022-06",9.673833,
"COL","CPI","TOT","AGRWTH","M","2022-07",10.20582,
"COL","CPI","TOT","AGRWTH","M","2022-08",10.83597,
"COL","CPI","TOT","AGRWTH","M","2022-09",11.43989,
"COL","CPI","TOT","AGRWTH","M","2022-10",12.22175,
"COL","CPI","TOT","AGRWTH","M","2022-11",12.53146,
"COL","CPI","TOT","AGRWTH","M","2022-12",13.12247,
"COL","CPI","TOT","AGRWTH","M","2023-01",13.25198,
"COL","CPI","TOT","AGRWTH","M","2023-02",13.27902,
"COL","CPI","TOT","AGRWTH","M","2023-03",13.34433,
"COL","CPI","TOT","AGRWTH","M","2023-04",12.82287,
"COL","CPI","TOT","AGRWTH","M","2023-05",12.36026,
"COL","CPI","TOT","AGRWTH","M","2023-06",12.12962,
"COL","CPI","TOT","AGRWTH","M","2023-07",11.78492,
"COL","CPI","TOT","AGRWTH","M","2023-08",11.42734,
"COL","CPI","TOT","AGRWTH","M","2023-09",10.99432,
"COL","CPI","TOT","AGRWTH","M","2023-10",10.47863,
"LVA","CPI","TOT","AGRWTH","M","2021-10",6.038424,
"LVA","CPI","TOT","AGRWTH","M","2021-11",7.468998,
"LVA","CPI","TOT","AGRWTH","M","2021-12",7.917407,
"LVA","CPI","TOT","AGRWTH","M","2022-01",7.447187,
"LVA","CPI","TOT","AGRWTH","M","2022-02",8.73264,
"LVA","CPI","TOT","AGRWTH","M","2022-03",11.47688,
"LVA","CPI","TOT","AGRWTH","M","2022-04",12.99162,
"LVA","CPI","TOT","AGRWTH","M","2022-05",16.85578,
"LVA","CPI","TOT","AGRWTH","M","2022-06",19.34144,
"LVA","CPI","TOT","AGRWTH","M","2022-07",21.51102,
"LVA","CPI","TOT","AGRWTH","M","2022-08",21.54802,
"LVA","CPI","TOT","AGRWTH","M","2022-09",22.17385,
"LVA","CPI","TOT","AGRWTH","M","2022-10",21.75682,
"LVA","CPI","TOT","AGRWTH","M","2022-11",21.83672,
"LVA","CPI","TOT","AGRWTH","M","2022-12",20.82939,
"LVA","CPI","TOT","AGRWTH","M","2023-01",21.50499,
"LVA","CPI","TOT","AGRWTH","M","2023-02",20.26292,
"LVA","CPI","TOT","AGRWTH","M","2023-03",17.2633,
"LVA","CPI","TOT","AGRWTH","M","2023-04",15.09066,
"LVA","CPI","TOT","AGRWTH","M","2023-05",12.09793,
"LVA","CPI","TOT","AGRWTH","M","2023-06",7.929472,
"LVA","CPI","TOT","AGRWTH","M","2023-07",6.399932,
"LVA","CPI","TOT","AGRWTH","M","2023-08",5.372788,
"LVA","CPI","TOT","AGRWTH","M","2023-09",3.321202,
"LVA","CPI","TOT","AGRWTH","M","2023-10",2.092605,
"LVA","CPI","TOT","AGRWTH","M","2023-11",0.9501684,
"SAU","CPI","TOT","AGRWTH","M","2021-10",0.8165226,
"SAU","CPI","TOT","AGRWTH","M","2021-11",1.125,
"SAU","CPI","TOT","AGRWTH","M","2021-12",1.243134,
"SAU","CPI","TOT","AGRWTH","M","2022-01",1.173077,
"SAU","CPI","TOT","AGRWTH","M","2022-02",1.617406,
"SAU","CPI","TOT","AGRWTH","M","2022-03",2.043965,
"SAU","CPI","TOT","AGRWTH","M","2022-04",2.300289,
"SAU","CPI","TOT","AGRWTH","M","2022-05",2.238447,
"SAU","CPI","TOT","AGRWTH","M","2022-06",2.311751,
"SAU","CPI","TOT","AGRWTH","M","2022-07",2.672158,
"SAU","CPI","TOT","AGRWTH","M","2022-08",2.995789,
"SAU","CPI","TOT","AGRWTH","M","2022-09",3.066195,
"SAU","CPI","TOT","AGRWTH","M","2022-10",3.010958,
"SAU","CPI","TOT","AGRWTH","M","2022-11",2.928592,
"SAU","CPI","TOT","AGRWTH","M","2022-12",3.302875,
"SAU","CPI","TOT","AGRWTH","M","2023-01",3.354876,
"SAU","CPI","TOT","AGRWTH","M","2023-02",2.955945,
"SAU","CPI","TOT","AGRWTH","M","2023-03",2.739985,
"SAU","CPI","TOT","AGRWTH","M","2023-04",2.70016,
"SAU","CPI","TOT","AGRWTH","M","2023-05",2.772035,
"SAU","CPI","TOT","AGRWTH","M","2023-06",2.737671,
"SAU","CPI","TOT","AGRWTH","M","2023-07",2.313433,
"SAU","CPI","TOT","AGRWTH","M","2023-08",1.951491,
"SAU","CPI","TOT","AGRWTH","M","2023-09",1.686747,
"SAU","CPI","TOT","AGRWTH","M","2023-10",1.618722,
"ARG","CPI","TOT","AGRWTH","M","2021-10",52.11165,
"ARG","CPI","TOT","AGRWTH","M","2021-11",51.18235,
"ARG","CPI","TOT","AGRWTH","M","2021-12",50.94164,
"ARG","CPI","TOT","AGRWTH","M","2022-01",50.69016,
"ARG","CPI","TOT","AGRWTH","M","2022-02",52.31926,
"ARG","CPI","TOT","AGRWTH","M","2022-03",55.10663,
"ARG","CPI","TOT","AGRWTH","M","2022-04",58.03801,
"ARG","CPI","TOT","AGRWTH","M","2022-05",60.67993,
"ARG","CPI","TOT","AGRWTH","M","2022-06",63.98258,
"ARG","CPI","TOT","AGRWTH","M","2022-07",71.00246,
"ARG","CPI","TOT","AGRWTH","M","2022-08",78.51527,
"ARG","CPI","TOT","AGRWTH","M","2022-09",83.02998,
"ARG","CPI","TOT","AGRWTH","M","2022-10",88.03568,
"ARG","CPI","TOT","AGRWTH","M","2022-11",92.41278,
"ARG","CPI","TOT","AGRWTH","M","2022-12",94.79318,
"ARG","CPI","TOT","AGRWTH","M","2023-01",98.82909,
"ARG","CPI","TOT","AGRWTH","M","2023-02",102.5008,
"ARG","CPI","TOT","AGRWTH","M","2023-03",104.2965,
"ARG","CPI","TOT","AGRWTH","M","2023-04",108.8341,
"ARG","CPI","TOT","AGRWTH","M","2023-05",114.2463,
"ARG","CPI","TOT","AGRWTH","M","2023-06",115.5803,
"ARG","CPI","TOT","AGRWTH","M","2023-07",113.45,
"ARG","CPI","TOT","AGRWTH","M","2023-08",124.3675,
"ARG","CPI","TOT","AGRWTH","M","2023-09",138.2824,
"ARG","CPI","TOT","AGRWTH","M","2023-10",142.6615,
"LTU","CPI","TOT","AGRWTH","M","2021-10",8.012731,
"LTU","CPI","TOT","AGRWTH","M","2021-11",9.18936,
"LTU","CPI","TOT","AGRWTH","M","2021-12",10.56032,
"LTU","CPI","TOT","AGRWTH","M","2022-01",12.41089,
"LTU","CPI","TOT","AGRWTH","M","2022-02",14.18541,
"LTU","CPI","TOT","AGRWTH","M","2022-03",15.72477,
"LTU","CPI","TOT","AGRWTH","M","2022-04",16.83821,
"LTU","CPI","TOT","AGRWTH","M","2022-05",18.89857,
"LTU","CPI","TOT","AGRWTH","M","2022-06",20.9847,
"LTU","CPI","TOT","AGRWTH","M","2022-07",21.61722,
"LTU","CPI","TOT","AGRWTH","M","2022-08",22.36287,
"LTU","CPI","TOT","AGRWTH","M","2022-09",24.11951,
"LTU","CPI","TOT","AGRWTH","M","2022-10",23.55538,
"LTU","CPI","TOT","AGRWTH","M","2022-11",22.89403,
"LTU","CPI","TOT","AGRWTH","M","2022-12",21.73751,
"LTU","CPI","TOT","AGRWTH","M","2023-01",20.01993,
"LTU","CPI","TOT","AGRWTH","M","2023-02",18.73836,
"LTU","CPI","TOT","AGRWTH","M","2023-03",16.61371,
"LTU","CPI","TOT","AGRWTH","M","2023-04",14.48544,
"LTU","CPI","TOT","AGRWTH","M","2023-05",11.68112,
"LTU","CPI","TOT","AGRWTH","M","2023-06",9.041448,
"LTU","CPI","TOT","AGRWTH","M","2023-07",7.446979,
"LTU","CPI","TOT","AGRWTH","M","2023-08",6.17034,
"LTU","CPI","TOT","AGRWTH","M","2023-09",3.713884,
"LTU","CPI","TOT","AGRWTH","M","2023-10",2.81322,
"CRI","CPI","TOT","AGRWTH","M","2021-10",2.504197,
"CRI","CPI","TOT","AGRWTH","M","2021-11",3.345598,
"CRI","CPI","TOT","AGRWTH","M","2021-12",3.299,
"CRI","CPI","TOT","AGRWTH","M","2022-01",3.496811,
"G-20","CPI","TOT","AGRWTH","M","2021-10",5.230425,
"G-20","CPI","TOT","AGRWTH","M","2021-11",5.857093,
"G-20","CPI","TOT","AGRWTH","M","2021-12",6.143224,
"G-20","CPI","TOT","AGRWTH","M","2022-01",6.484174,
"G-20","CPI","TOT","AGRWTH","M","2022-02",6.797764,
"G-20","CPI","TOT","AGRWTH","M","2022-03",7.897258,
"G-20","CPI","TOT","AGRWTH","M","2022-04",8.51021,
"G-20","CPI","TOT","AGRWTH","M","2022-05",8.848766,
"G-20","CPI","TOT","AGRWTH","M","2022-06",9.241706,
"G-20","CPI","TOT","AGRWTH","M","2022-07",9.208693,
"G-20","CPI","TOT","AGRWTH","M","2022-08",9.189961,
"G-20","CPI","TOT","AGRWTH","M","2022-09",9.508656,
"G-20","CPI","TOT","AGRWTH","M","2022-10",9.444175,
"G-20","CPI","TOT","AGRWTH","M","2022-11",8.999818,
"G-20","CPI","TOT","AGRWTH","M","2022-12",8.492246,
"G-20","CPI","TOT","AGRWTH","M","2023-01",8.432507,
"G-20","CPI","TOT","AGRWTH","M","2023-02",8.022408,
"G-20","CPI","TOT","AGRWTH","M","2023-03",6.92627,
"G-20","CPI","TOT","AGRWTH","M","2023-04",6.465403,
"G-20","CPI","TOT","AGRWTH","M","2023-05",5.919306,
"G-20","CPI","TOT","AGRWTH","M","2023-06",5.498328,
"G-20","CPI","TOT","AGRWTH","M","2023-07",5.814337,
"G-20","CPI","TOT","AGRWTH","M","2023-08",6.285203,
"G-20","CPI","TOT","AGRWTH","M","2023-09",6.084887,
"G-20","CPI","TOT","AGRWTH","M","2023-10",5.691761,
"EU27_2020","CPI","TOT","AGRWTH","M","2021-10",4.4,
"EU27_2020","CPI","TOT","AGRWTH","M","2021-11",5.2,
"EU27_2020","CPI","TOT","AGRWTH","M","2021-12",5.3,
"EU27_2020","CPI","TOT","AGRWTH","M","2022-01",5.6,
"EU27_2020","CPI","TOT","AGRWTH","M","2022-02",6.2,
"EU27_2020","CPI","TOT","AGRWTH","M","2022-03",7.8,
"EU27_2020","CPI","TOT","AGRWTH","M","2022-04",8.1,
"EU27_2020","CPI","TOT","AGRWTH","M","2022-05",8.8,
"EU27_2020","CPI","TOT","AGRWTH","M","2022-06",9.6,
"EU27_2020","CPI","TOT","AGRWTH","M","2022-07",9.8,
"EU27_2020","CPI","TOT","AGRWTH","M","2022-08",10.1,
"EU27_2020","CPI","TOT","AGRWTH","M","2022-09",10.9,
"EU27_2020","CPI","TOT","AGRWTH","M","2022-10",11.5,
"EU27_2020","CPI","TOT","AGRWTH","M","2022-11",11.1,
"EU27_2020","CPI","TOT","AGRWTH","M","2022-12",10.4,
"EU27_2020","CPI","TOT","AGRWTH","M","2023-01",10,
"EU27_2020","CPI","TOT","AGRWTH","M","2023-02",9.9,
"EU27_2020","CPI","TOT","AGRWTH","M","2023-03",8.3,
"EU27_2020","CPI","TOT","AGRWTH","M","2023-04",8.1,
"EU27_2020","CPI","TOT","AGRWTH","M","2023-05",7.1,
"EU27_2020","CPI","TOT","AGRWTH","M","2023-06",6.4,
"EU27_2020","CPI","TOT","AGRWTH","M","2023-07",6.1,
"EU27_2020","CPI","TOT","AGRWTH","M","2023-08",5.9,
"EU27_2020","CPI","TOT","AGRWTH","M","2023-09",4.9,
"EU27_2020","CPI","TOT","AGRWTH","M","2023-10",3.6,
"AUS","CPI","TOT","AGRWTH","M","2021-11",3.498293,
"AUS","CPI","TOT","AGRWTH","M","2022-02",5.089058,
"AUS","CPI","TOT","AGRWTH","M","2022-05",6.144781,
"AUS","CPI","TOT","AGRWTH","M","2022-08",7.26817,
"AUS","CPI","TOT","AGRWTH","M","2022-11",7.831822,
"AUS","CPI","TOT","AGRWTH","M","2023-02",7.021792,
"AUS","CPI","TOT","AGRWTH","M","2023-05",6.026963,
"AUS","CPI","TOT","AGRWTH","M","2023-08",5.373832,
